MUNICIPIO,COD,porcentaje,,,,,,,,,,,,,,,,,,,,,,,,,,,,,
La Ceiba,101,19.49,,,,,,,,,,,,,,,,,,,,,,,,,,,,,
El Porvenir,102,7.96,,,,,,,,,,,,,,,,,,,,,,,,,,,,,
Esparta,103,2.79,,,,,,,,,,,,,,,,,,,,,,,,,,,,,
Jutiapa,104,2.56,,,,,,,,,,,,,,,,,,,,,,,,,,,,,
La Masica,105,5.92,,,,,,,,,,,,,,,,,,,,,,,,,,,,,
San Francisco,106,5.81,,,,,,,,,,,,,,,,,,,,,,,,,,,,,
Tela,107,9.63,,,,,,,,,,,,,,,,,,,,,,,,,,,,,
Arizona,108,1.94,,,,,,,,,,,,,,,,,,,,,,,,,,,,,
Trujillo,201,5.56,,,,,,,,,,,,,,,,,,,,,,,,,,,,,
Balfate,202,1.5,,,,,,,,,,,,,,,,,,,,,,,,,,,,,
Iriona,203,0.56,,,,,,,,,,,,,,,,,,,,,,,,,,,,,
Limón,204,1.09,,,,,,,,,,,,,,,,,,,,,,,,,,,,,
Sabá,205,6.88,,,,,,,,,,,,,,,,,,,,,,,,,,,,,
Santa Fe,206,2.39,,,,,,,,,,,,,,,,,,,,,,,,,,,,,
Santa Rosa de Aguán,207,1.82,,,,,,,,,,,,,,,,,,,,,,,,,,,,,
Sonaguera,208,5.26,,,,,,,,,,,,,,,,,,,,,,,,,,,,,
Tocoa,209,5.25,,,,,,,,,,,,,,,,,,,,,,,,,,,,,
Bonito Oriental,210,6.46,,,,,,,,,,,,,,,,,,,,,,,,,,,,,
Comayagua,301,18.78,,,,,,,,,,,,,,,,,,,,,,,,,,,,,
Ajuterique,302,5.82,,,,,,,,,,,,,,,,,,,,,,,,,,,,,
El Rosario,303,0.37,,,,,,,,,,,,,,,,,,,,,,,,,,,,,
Esquías,304,1.32,,,,,,,,,,,,,,,,,,,,,,,,,,,,,
Humuya,305,0.64,,,,,,,,,,,,,,,,,,,,,,,,,,,,,
La Libertad,306,2.2,,,,,,,,,,,,,,,,,,,,,,,,,,,,,
Lamaní,307,2.43,,,,,,,,,,,,,,,,,,,,,,,,,,,,,
La Trinidad,308,0.89,,,,,,,,,,,,,,,,,,,,,,,,,,,,,
Lejamaní,309,2.79,,,,,,,,,,,,,,,,,,,,,,,,,,,,,
Meámbar,310,0.23,,,,,,,,,,,,,,,,,,,,,,,,,,,,,
Minas de Oro,311,1.06,,,,,,,,,,,,,,,,,,,,,,,,,,,,,
Ojos de Agua,312,1.79,,,,,,,,,,,,,,,,,,,,,,,,,,,,,
San Jerónimo,313,2.41,,,,,,,,,,,,,,,,,,,,,,,,,,,,,
San José de Comayagua,314,1.03,,,,,,,,,,,,,,,,,,,,,,,,,,,,,
San José del Potrero,315,1.2,,,,,,,,,,,,,,,,,,,,,,,,,,,,,
San Luis,316,5.78,,,,,,,,,,,,,,,,,,,,,,,,,,,,,
San Sebastián,317,3.98,,,,,,,,,,,,,,,,,,,,,,,,,,,,,
Siguatepeque,318,8.07,,,,,,,,,,,,,,,,,,,,,,,,,,,,,
Villa de San Antonio,319,2.83,,,,,,,,,,,,,,,,,,,,,,,,,,,,,
Las Lajas,320,1.95,,,,,,,,,,,,,,,,,,,,,,,,,,,,,
Taulabé,321,4.3,,,,,,,,,,,,,,,,,,,,,,,,,,,,,
Santa Rosa de Copán,401,10.22,,,,,,,,,,,,,,,,,,,,,,,,,,,,,
Cabañas,402,1.01,,,,,,,,,,,,,,,,,,,,,,,,,,,,,
Concepción,403,0.5,,,,,,,,,,,,,,,,,,,,,,,,,,,,,
Copán Ruinas,404,3.29,,,,,,,,,,,,,,,,,,,,,,,,,,,,,
Corquín,405,2.39,,,,,,,,,,,,,,,,,,,,,,,,,,,,,
Cucuyagua,406,3.27,,,,,,,,,,,,,,,,,,,,,,,,,,,,,
Dolores,407,0.58,,,,,,,,,,,,,,,,,,,,,,,,,,,,,
Dulce Nombre,408,2.18,,,,,,,,,,,,,,,,,,,,,,,,,,,,,
El Paraíso,409,2.99,,,,,,,,,,,,,,,,,,,,,,,,,,,,,
Florida,410,1.5,,,,,,,,,,,,,,,,,,,,,,,,,,,,,
La Jigua,411,1.38,,,,,,,,,,,,,,,,,,,,,,,,,,,,,
La Unión,412,1.97,,,,,,,,,,,,,,,,,,,,,,,,,,,,,
Nueva Arcadia,413,5.55,,,,,,,,,,,,,,,,,,,,,,,,,,,,,
San Agustín,414,0.51,,,,,,,,,,,,,,,,,,,,,,,,,,,,,
San Antonio,415,1.26,,,,,,,,,,,,,,,,,,,,,,,,,,,,,
San Jerónimo,416,2.16,,,,,,,,,,,,,,,,,,,,,,,,,,,,,
San José,417,1.35,,,,,,,,,,,,,,,,,,,,,,,,,,,,,
San Juan de Opoa,418,0.61,,,,,,,,,,,,,,,,,,,,,,,,,,,,,
San Nicolás,419,1.5,,,,,,,,,,,,,,,,,,,,,,,,,,,,,
San Pedro,420,3.11,,,,,,,,,,,,,,,,,,,,,,,,,,,,,
Santa Rita,421,1.84,,,,,,,,,,,,,,,,,,,,,,,,,,,,,
Trinidad de Copán,422,1.14,,,,,,,,,,,,,,,,,,,,,,,,,,,,,
Veracruz,423,0.75,,,,,,,,,,,,,,,,,,,,,,,,,,,,,
San Pedro Sula,501,17.13,,,,,,,,,,,,,,,,,,,,,,,,,,,,,
Choloma,502,9.19,,,,,,,,,,,,,,,,,,,,,,,,,,,,,
Omoa,503,3.57,,,,,,,,,,,,,,,,,,,,,,,,,,,,,
Pimienta,504,5.64,,,,,,,,,,,,,,,,,,,,,,,,,,,,,
Potrerillos,505,6.54,,,,,,,,,,,,,,,,,,,,,,,,,,,,,
Puerto Cortés,506,7.67,,,,,,,,,,,,,,,,,,,,,,,,,,,,,
San Antonio de Cortes,507,2.4,,,,,,,,,,,,,,,,,,,,,,,,,,,,,
San Francisco de Yojoa,508,5.07,,,,,,,,,,,,,,,,,,,,,,,,,,,,,
San Manuel,509,11.02,,,,,,,,,,,,,,,,,,,,,,,,,,,,,
Santa Cruz de Yojoa,510,4.87,,,,,,,,,,,,,,,,,,,,,,,,,,,,,
Villanueva,511,13.49,,,,,,,,,,,,,,,,,,,,,,,,,,,,,
La Lima,512,26.81,,,,,,,,,,,,,,,,,,,,,,,,,,,,,
Choluteca,601,9.53,,,,,,,,,,,,,,,,,,,,,,,,,,,,,
Apacilagua,602,0.56,,,,,,,,,,,,,,,,,,,,,,,,,,,,,
Concepción de Maria,603,0.53,,,,,,,,,,,,,,,,,,,,,,,,,,,,,
Duyure,604,1.01,,,,,,,,,,,,,,,,,,,,,,,,,,,,,
El Corpus,605,0.79,,,,,,,,,,,,,,,,,,,,,,,,,,,,,
El Triunfo,606,1.46,,,,,,,,,,,,,,,,,,,,,,,,,,,,,
Marcovia,607,2.96,,,,,,,,,,,,,,,,,,,,,,,,,,,,,
Morolica,608,1.15,,,,,,,,,,,,,,,,,,,,,,,,,,,,,
Namasigue,609,0.97,,,,,,,,,,,,,,,,,,,,,,,,,,,,,
Orocuina,610,2.67,,,,,,,,,,,,,,,,,,,,,,,,,,,,,
Pespire,611,3.52,,,,,,,,,,,,,,,,,,,,,,,,,,,,,
San Antonio de Flores,612,0.49,,,,,,,,,,,,,,,,,,,,,,,,,,,,,
San Isidro,613,0.57,,,,,,,,,,,,,,,,,,,,,,,,,,,,,
San José,614,0.37,,,,,,,,,,,,,,,,,,,,,,,,,,,,,
San Marcos de Colón,615,5.73,,,,,,,,,,,,,,,,,,,,,,,,,,,,,
Santa Ana de Yusguare,616,2.04,,,,,,,,,,,,,,,,,,,,,,,,,,,,,
Yuscarán,701,3.08,,,,,,,,,,,,,,,,,,,,,,,,,,,,,
Alauca,702,0.37,,,,,,,,,,,,,,,,,,,,,,,,,,,,,
Danlí,703,5.87,,,,,,,,,,,,,,,,,,,,,,,,,,,,,
El Paraíso,704,7.32,,,,,,,,,,,,,,,,,,,,,,,,,,,,,
Guinope,705,1.02,,,,,,,,,,,,,,,,,,,,,,,,,,,,,
Jacaleapa,706,13.28,,,,,,,,,,,,,,,,,,,,,,,,,,,,,
Liure,707,0.66,,,,,,,,,,,,,,,,,,,,,,,,,,,,,
Morocelí,708,1.84,,,,,,,,,,,,,,,,,,,,,,,,,,,,,
Oropolí,709,2.45,,,,,,,,,,,,,,,,,,,,,,,,,,,,,
Potrerillos,710,0.83,,,,,,,,,,,,,,,,,,,,,,,,,,,,,
San Antonio de Flores,711,1.4,,,,,,,,,,,,,,,,,,,,,,,,,,,,,
San Lucas,712,1.14,,,,,,,,,,,,,,,,,,,,,,,,,,,,,
San Matías,713,1.06,,,,,,,,,,,,,,,,,,,,,,,,,,,,,
Soledad,714,0.6,,,,,,,,,,,,,,,,,,,,,,,,,,,,,
Teupasenti,715,1.75,,,,,,,,,,,,,,,,,,,,,,,,,,,,,
Texiguat,716,0.53,,,,,,,,,,,,,,,,,,,,,,,,,,,,,
Vado Ancho,717,0.25,,,,,,,,,,,,,,,,,,,,,,,,,,,,,
Yauyupe,718,0.6,,,,,,,,,,,,,,,,,,,,,,,,,,,,,
Trojes,719,1.49,,,,,,,,,,,,,,,,,,,,,,,,,,,,,
Distrito Central,801,21.72,,,,,,,,,,,,,,,,,,,,,,,,,,,,,
Alubarén,802,1.53,,,,,,,,,,,,,,,,,,,,,,,,,,,,,
Cedros,803,2.11,,,,,,,,,,,,,,,,,,,,,,,,,,,,,
Curarén,804,0.24,,,,,,,,,,,,,,,,,,,,,,,,,,,,,
El Porvenir,805,1.8,,,,,,,,,,,,,,,,,,,,,,,,,,,,,
Guaimaca,806,3.63,,,,,,,,,,,,,,,,,,,,,,,,,,,,,
La Libertad,807,3.17,,,,,,,,,,,,,,,,,,,,,,,,,,,,,
La Venta,808,0.96,,,,,,,,,,,,,,,,,,,,,,,,,,,,,
Lepaterique,809,0.95,,,,,,,,,,,,,,,,,,,,,,,,,,,,,
Maraita,810,1.29,,,,,,,,,,,,,,,,,,,,,,,,,,,,,
Marale,811,0.58,,,,,,,,,,,,,,,,,,,,,,,,,,,,,
Nueva Armenia,812,0.6,,,,,,,,,,,,,,,,,,,,,,,,,,,,,
Ojojona,813,4.76,,,,,,,,,,,,,,,,,,,,,,,,,,,,,
Orica,814,2.68,,,,,,,,,,,,,,,,,,,,,,,,,,,,,
Reitoca,815,0.57,,,,,,,,,,,,,,,,,,,,,,,,,,,,,
Sabanagrande,816,3.44,,,,,,,,,,,,,,,,,,,,,,,,,,,,,
San Antonio de Oriente,817,2.68,,,,,,,,,,,,,,,,,,,,,,,,,,,,,
San Buenaventura,818,3.92,,,,,,,,,,,,,,,,,,,,,,,,,,,,,
San Ignacio,819,1.36,,,,,,,,,,,,,,,,,,,,,,,,,,,,,
San Juan de Flores,820,1.4,,,,,,,,,,,,,,,,,,,,,,,,,,,,,
San Miguelito,821,0.75,,,,,,,,,,,,,,,,,,,,,,,,,,,,,
Santa Ana,822,7.95,,,,,,,,,,,,,,,,,,,,,,,,,,,,,
Santa Lucía,823,17.52,,,,,,,,,,,,,,,,,,,,,,,,,,,,,
Talanga,824,5.19,,,,,,,,,,,,,,,,,,,,,,,,,,,,,
Tatumbla,825,10.38,,,,,,,,,,,,,,,,,,,,,,,,,,,,,
Valle de Angeles,826,9.9,,,,,,,,,,,,,,,,,,,,,,,,,,,,,
Villa de San Francisco,827,5.35,,,,,,,,,,,,,,,,,,,,,,,,,,,,,
Vallecillo,828,1.14,,,,,,,,,,,,,,,,,,,,,,,,,,,,,
Puerto Lempira,901,2.16,,,,,,,,,,,,,,,,,,,,,,,,,,,,,
Brus Laguna,902,1.14,,,,,,,,,,,,,,,,,,,,,,,,,,,,,
Ahuas,903,1,,,,,,,,,,,,,,,,,,,,,,,,,,,,,
Juan Francisco Bulnes,904,2.83,,,,,,,,,,,,,,,,,,,,,,,,,,,,,
Ramon Villeda Morales,905,0.29,,,,,,,,,,,,,,,,,,,,,,,,,,,,,
Wampusirpi,906,0.76,,,,,,,,,,,,,,,,,,,,,,,,,,,,,
La Esperanza,1001,10.61,,,,,,,,,,,,,,,,,,,,,,,,,,,,,
Camasca,1002,0.82,,,,,,,,,,,,,,,,,,,,,,,,,,,,,
Colomoncagua,1003,0.93,,,,,,,,,,,,,,,,,,,,,,,,,,,,,
Concepción,1004,0.8,,,,,,,,,,,,,,,,,,,,,,,,,,,,,
Dolores,1005,100,,,,,,,,,,,,,,,,,,,,,,,,,,,,,
Intibucá,1006,4.41,,,,,,,,,,,,,,,,,,,,,,,,,,,,,
Jesús de Otoro,1007,3.67,,,,,,,,,,,,,,,,,,,,,,,,,,,,,
Magdalena,1008,2.14,,,,,,,,,,,,,,,,,,,,,,,,,,,,,
Masaguara,1009,0.45,,,,,,,,,,,,,,,,,,,,,,,,,,,,,
San Antonio,1010,3.16,,,,,,,,,,,,,,,,,,,,,,,,,,,,,
San Isidro,1011,0.84,,,,,,,,,,,,,,,,,,,,,,,,,,,,,
San Juan,1012,2.65,,,,,,,,,,,,,,,,,,,,,,,,,,,,,
San Marcos de Sierra,1013,0.12,,,,,,,,,,,,,,,,,,,,,,,,,,,,,
San Miguelito,1014,0.28,,,,,,,,,,,,,,,,,,,,,,,,,,,,,
Santa Lucía,1015,2.13,,,,,,,,,,,,,,,,,,,,,,,,,,,,,
Yamaranguila,1016,0.48,,,,,,,,,,,,,,,,,,,,,,,,,,,,,
San Francisco de Opalaca,1017,0.05,,,,,,,,,,,,,,,,,,,,,,,,,,,,,
Roatan,1101,15.03,,,,,,,,,,,,,,,,,,,,,,,,,,,,,
Guanaja,1102,27.1,,,,,,,,,,,,,,,,,,,,,,,,,,,,,
José Santos Guardiola,1103,16.08,,,,,,,,,,,,,,,,,,,,,,,,,,,,,
Utila,1104,36.67,,,,,,,,,,,,,,,,,,,,,,,,,,,,,
La Paz,1201,8.61,,,,,,,,,,,,,,,,,,,,,,,,,,,,,
Aguanqueterique,1202,1.7,,,,,,,,,,,,,,,,,,,,,,,,,,,,,
Cabañas,1203,0.89,,,,,,,,,,,,,,,,,,,,,,,,,,,,,
Cane,1204,4.57,,,,,,,,,,,,,,,,,,,,,,,,,,,,,
Chinacla,1205,1.32,,,,,,,,,,,,,,,,,,,,,,,,,,,,,
Guajiquiro,1206,0.58,,,,,,,,,,,,,,,,,,,,,,,,,,,,,
Lauterique,1207,2.57,,,,,,,,,,,,,,,,,,,,,,,,,,,,,
Marcala,1208,7.6,,,,,,,,,,,,,,,,,,,,,,,,,,,,,
Mercedes de Oriente,1209,100,,,,,,,,,,,,,,,,,,,,,,,,,,,,,
Opatoro,1210,1.07,,,,,,,,,,,,,,,,,,,,,,,,,,,,,
San Antonio del Norte,1211,4.18,,,,,,,,,,,,,,,,,,,,,,,,,,,,,
San José,1212,1.28,,,,,,,,,,,,,,,,,,,,,,,,,,,,,
San Juan,1213,1.21,,,,,,,,,,,,,,,,,,,,,,,,,,,,,
San Pedro de Tutule,1214,1.7,,,,,,,,,,,,,,,,,,,,,,,,,,,,,
Santa Ana,1215,100,,,,,,,,,,,,,,,,,,,,,,,,,,,,,
Santa Elena,1216,0.04,,,,,,,,,,,,,,,,,,,,,,,,,,,,,
Santa María,1217,0.58,,,,,,,,,,,,,,,,,,,,,,,,,,,,,
Santiago de Puringla,1218,1.36,,,,,,,,,,,,,,,,,,,,,,,,,,,,,
Yarula,1219,0.28,,,,,,,,,,,,,,,,,,,,,,,,,,,,,
Gracias,1301,3.75,,,,,,,,,,,,,,,,,,,,,,,,,,,,,
Belén,1302,0.47,,,,,,,,,,,,,,,,,,,,,,,,,,,,,
Candelaria,1303,1.76,,,,,,,,,,,,,,,,,,,,,,,,,,,,,
Cololaca,1304,0.34,,,,,,,,,,,,,,,,,,,,,,,,,,,,,
Erandique,1305,0.77,,,,,,,,,,,,,,,,,,,,,,,,,,,,,
Gualcince,1306,0.09,,,,,,,,,,,,,,,,,,,,,,,,,,,,,
Guarita,1307,2.95,,,,,,,,,,,,,,,,,,,,,,,,,,,,,
La Campa,1308,0.74,,,,,,,,,,,,,,,,,,,,,,,,,,,,,
La Iguala,1309,0.18,,,,,,,,,,,,,,,,,,,,,,,,,,,,,
Las Flores,1310,1.28,,,,,,,,,,,,,,,,,,,,,,,,,,,,,
La Unión,1311,0.33,,,,,,,,,,,,,,,,,,,,,,,,,,,,,
La Virtud,1312,1.31,,,,,,,,,,,,,,,,,,,,,,,,,,,,,
Lepaera,1313,1.75,,,,,,,,,,,,,,,,,,,,,,,,,,,,,
Mapulaca,1314,1.1,,,,,,,,,,,,,,,,,,,,,,,,,,,,,
Piraera,1315,0.33,,,,,,,,,,,,,,,,,,,,,,,,,,,,,
San Andrés,1316,0.24,,,,,,,,,,,,,,,,,,,,,,,,,,,,,
San Francisco,1317,0.83,,,,,,,,,,,,,,,,,,,,,,,,,,,,,
San Juan Guarita,1318,1.48,,,,,,,,,,,,,,,,,,,,,,,,,,,,,
San Manuel Colohete,1319,0.39,,,,,,,,,,,,,,,,,,,,,,,,,,,,,
San Rafael,1320,0.48,,,,,,,,,,,,,,,,,,,,,,,,,,,,,
San Sebastián,1321,0.33,,,,,,,,,,,,,,,,,,,,,,,,,,,,,
Santa Cruz,1322,0.18,,,,,,,,,,,,,,,,,,,,,,,,,,,,,
Talgua,1323,0.6,,,,,,,,,,,,,,,,,,,,,,,,,,,,,
Tambla,1324,2.89,,,,,,,,,,,,,,,,,,,,,,,,,,,,,
Tomalá,1325,0.54,,,,,,,,,,,,,,,,,,,,,,,,,,,,,
Valladolid,1326,0.97,,,,,,,,,,,,,,,,,,,,,,,,,,,,,
Virginia,1327,2.81,,,,,,,,,,,,,,,,,,,,,,,,,,,,,
San Marcos de Caiquín,1328,0.09,,,,,,,,,,,,,,,,,,,,,,,,,,,,,
Ocotepeque,1401,15.26,,,,,,,,,,,,,,,,,,,,,,,,,,,,,
Belén Gualcho,1402,0.52,,,,,,,,,,,,,,,,,,,,,,,,,,,,,
Concepción,1403,2.06,,,,,,,,,,,,,,,,,,,,,,,,,,,,,
Dolores Merendón,1404,100,,,,,,,,,,,,,,,,,,,,,,,,,,,,,
Fraternidad,1405,0.19,,,,,,,,,,,,,,,,,,,,,,,,,,,,,
La Encarnación,1406,1.18,,,,,,,,,,,,,,,,,,,,,,,,,,,,,
La Labor,1407,2.65,,,,,,,,,,,,,,,,,,,,,,,,,,,,,
Lucerna,1408,1.62,,,,,,,,,,,,,,,,,,,,,,,,,,,,,
Mercedes,1409,0.66,,,,,,,,,,,,,,,,,,,,,,,,,,,,,
San Fernando,1410,0.31,,,,,,,,,,,,,,,,,,,,,,,,,,,,,
San Francisco del Valle,1411,2.31,,,,,,,,,,,,,,,,,,,,,,,,,,,,,
San Jorge,1412,0.8,,,,,,,,,,,,,,,,,,,,,,,,,,,,,
San Marcos,1413,5.47,,,,,,,,,,,,,,,,,,,,,,,,,,,,,
Santa Fe,1414,2.56,,,,,,,,,,,,,,,,,,,,,,,,,,,,,
Sensenti,1415,1.19,,,,,,,,,,,,,,,,,,,,,,,,,,,,,
Sinuapa,1416,5.34,,,,,,,,,,,,,,,,,,,,,,,,,,,,,
Juticalpa,1501,5.48,,,,,,,,,,,,,,,,,,,,,,,,,,,,,
Campamento,1502,4.08,,,,,,,,,,,,,,,,,,,,,,,,,,,,,
Catacamas,1503,4.61,,,,,,,,,,,,,,,,,,,,,,,,,,,,,
Concordia,1504,1.41,,,,,,,,,,,,,,,,,,,,,,,,,,,,,
Dulce Nombre de Culmí,1505,1.21,,,,,,,,,,,,,,,,,,,,,,,,,,,,,
El Rosario,1506,2.69,,,,,,,,,,,,,,,,,,,,,,,,,,,,,
Esquipulas del Norte,1507,2.05,,,,,,,,,,,,,,,,,,,,,,,,,,,,,
Gualaco,1508,2.21,,,,,,,,,,,,,,,,,,,,,,,,,,,,,
Guarizama,1509,1.17,,,,,,,,,,,,,,,,,,,,,,,,,,,,,
Guata,1510,0.37,,,,,,,,,,,,,,,,,,,,,,,,,,,,,
Guayape,1511,1.13,,,,,,,,,,,,,,,,,,,,,,,,,,,,,
Jano,1512,0.91,,,,,,,,,,,,,,,,,,,,,,,,,,,,,
La Unión,1513,4.25,,,,,,,,,,,,,,,,,,,,,,,,,,,,,
Mangulile,1514,0.33,,,,,,,,,,,,,,,,,,,,,,,,,,,,,
Manto,1515,1.53,,,,,,,,,,,,,,,,,,,,,,,,,,,,,
Salamá,1516,2.82,,,,,,,,,,,,,,,,,,,,,,,,,,,,,
San Esteban,1517,4.81,,,,,,,,,,,,,,,,,,,,,,,,,,,,,
San Francisco de Becerra,1518,3.09,,,,,,,,,,,,,,,,,,,,,,,,,,,,,
San Francisco de La Paz,1519,1.52,,,,,,,,,,,,,,,,,,,,,,,,,,,,,
Santa María del Real,1520,3.77,,,,,,,,,,,,,,,,,,,,,,,,,,,,,
Silca,1521,5.78,,,,,,,,,,,,,,,,,,,,,,,,,,,,,
Yocón,1522,0.69,,,,,,,,,,,,,,,,,,,,,,,,,,,,,
Patuca,1523,1.37,,,,,,,,,,,,,,,,,,,,,,,,,,,,,
Santa Bárbara,1601,9.25,,,,,,,,,,,,,,,,,,,,,,,,,,,,,
Arada,1602,2.03,,,,,,,,,,,,,,,,,,,,,,,,,,,,,
Atima,1603,0.87,,,,,,,,,,,,,,,,,,,,,,,,,,,,,
Azacualpa,1604,3.37,,,,,,,,,,,,,,,,,,,,,,,,,,,,,
Ceguaca,1605,1.5,,,,,,,,,,,,,,,,,,,,,,,,,,,,,
Concepción del Norte,1606,1.81,,,,,,,,,,,,,,,,,,,,,,,,,,,,,
Concepción del Sur,1607,1.15,,,,,,,,,,,,,,,,,,,,,,,,,,,,,
Chinda,1608,0.4,,,,,,,,,,,,,,,,,,,,,,,,,,,,,
El Níspero,1609,2.63,,,,,,,,,,,,,,,,,,,,,,,,,,,,,
Gualala,1610,1.98,,,,,,,,,,,,,,,,,,,,,,,,,,,,,
Ilama,1611,1.18,,,,,,,,,,,,,,,,,,,,,,,,,,,,,
Macuelizo,1612,3.52,,,,,,,,,,,,,,,,,,,,,,,,,,,,,
Naranjito,1613,1.1,,,,,,,,,,,,,,,,,,,,,,,,,,,,,
Nuevo Celilac,1614,0.38,,,,,,,,,,,,,,,,,,,,,,,,,,,,,
Petoa,1615,1.11,,,,,,,,,,,,,,,,,,,,,,,,,,,,,
Protección,1616,0.61,,,,,,,,,,,,,,,,,,,,,,,,,,,,,
Quimistán,1617,3.99,,,,,,,,,,,,,,,,,,,,,,,,,,,,,
San Francisco de Ojuera,1618,0.82,,,,,,,,,,,,,,,,,,,,,,,,,,,,,
San José de Colinas,1619,1.96,,,,,,,,,,,,,,,,,,,,,,,,,,,,,
San Luis,1620,1.61,,,,,,,,,,,,,,,,,,,,,,,,,,,,,
San Marcos,1621,2.56,,,,,,,,,,,,,,,,,,,,,,,,,,,,,
San Nicolás,1622,2.53,,,,,,,,,,,,,,,,,,,,,,,,,,,,,
San Pedro Zacapa,1623,2.01,,,,,,,,,,,,,,,,,,,,,,,,,,,,,
San Vicente Centenario,1624,4.86,,,,,,,,,,,,,,,,,,,,,,,,,,,,,
Santa Rita,1625,0.45,,,,,,,,,,,,,,,,,,,,,,,,,,,,,
Trinidad,1626,3.18,,,,,,,,,,,,,,,,,,,,,,,,,,,,,
Las Vegas,1627,9.02,,,,,,,,,,,,,,,,,,,,,,,,,,,,,
Nueva Frontera,1628,1.44,,,,,,,,,,,,,,,,,,,,,,,,,,,,,
Nacaome,1701,3.99,,,,,,,,,,,,,,,,,,,,,,,,,,,,,
Alianza,1702,6.15,,,,,,,,,,,,,,,,,,,,,,,,,,,,,
Amapala,1703,2.89,,,,,,,,,,,,,,,,,,,,,,,,,,,,,
Aramecina,1704,1.29,,,,,,,,,,,,,,,,,,,,,,,,,,,,,
Caridad,1705,0.89,,,,,,,,,,,,,,,,,,,,,,,,,,,,,
Goascorán,1706,4.25,,,,,,,,,,,,,,,,,,,,,,,,,,,,,
Langue,1707,2.42,,,,,,,,,,,,,,,,,,,,,,,,,,,,,
San Francisco de Coray,1708,0.23,,,,,,,,,,,,,,,,,,,,,,,,,,,,,
San Lorenzo,1709,8.57,,,,,,,,,,,,,,,,,,,,,,,,,,,,,
Yoro,1801,2.9,,,,,,,,,,,,,,,,,,,,,,,,,,,,,
Arenal,1802,3.8,,,,,,,,,,,,,,,,,,,,,,,,,,,,,
El Negrito,1803,2.71,,,,,,,,,,,,,,,,,,,,,,,,,,,,,
El Progreso,1804,10.16,,,,,,,,,,,,,,,,,,,,,,,,,,,,,
Jocón,1805,1.11,,,,,,,,,,,,,,,,,,,,,,,,,,,,,
Morazán,1806,6.51,,,,,,,,,,,,,,,,,,,,,,,,,,,,,
Olanchito,1807,5.7,,,,,,,,,,,,,,,,,,,,,,,,,,,,,
Santa Rita,1808,5.97,,,,,,,,,,,,,,,,,,,,,,,,,,,,,
Sulaco,1809,2.01,,,,,,,,,,,,,,,,,,,,,,,,,,,,,
Victoria,1810,0.97,,,,,,,,,,,,,,,,,,,,,,,,,,,,,
Yorito,1811,1.75,,,,,,,,,,,,,,,,,,,,,,,,,,,,,
,,0.04,,,,,,,,,,,,,,,,,,,,,,,,,,,,,
,,100,,,,,,,,,,,,,,,,,,,,,,,,,,,,,
,,,,,,,,,,,,,,,,,,,,,,,,,,,,,,,
,,,,,,,,,,,,,,,,,,,,,,,,,,,,,,,
,,,,,,,,,,,,,,,,,,,,,,,,,,,,,,,
,,,,,,,,,,,,,,,,,,,,,,,,,,,,,,,
,,,,,,,,,,,,,,,,,,,,,,,,,,,,,,,
,,,,,,,,,,,,,,,,,,,,,,,,,,,,,,,
,,,,,,,,,,,,,,,,,,,,,,,,,,,,,,,
,,,,,,,,,,,,,,,,,,,,,,,,,,,,,,,
,,,,,,,,,,,,,,,,,,,,,,,,,,,,,,,
,,,,,,,,,,,,,,,,,,,,,,,,,,,,,,,
,,,,,,,,,,,,,,,,,,,,,,,,,,,,,,,
,,,,,,,,,,,,,,,,,,,,,,,,,,,,,,,
,,,,,,,,,,,,,,,,,,,,,,,,,,,,,,,
,,,,,,,,,,,,,,,,,,,,,,,,,,,,,,,
,,,,,,,,,,,,,,,,,,,,,,,,,,,,,,,
,,,,,,,,,,,,,,,,,,,,,,,,,,,,,,,
,,,,,,,,,,,,,,,,,,,,,,,,,,,,,,,
,,,,,,,,,,,,,,,,,,,,,,,,,,,,,,,
,,,,,,,,,,,,,,,,,,,,,,,,,,,,,,,
,,,,,,,,,,,,,,,,,,,,,,,,,,,,,,,
,,,,,,,,,,,,,,,,,,,,,,,,,,,,,,,
,,,,,,,,,,,,,,,,,,,,,,,,,,,,,,,
,,,,,,,,,,,,,,,,,,,,,,,,,,,,,,,
,,,,,,,,,,,,,,,,,,,,,,,,,,,,,,,
,,,,,,,,,,,,,,,,,,,,,,,,,,,,,,,
,,,,,,,,,,,,,,,,,,,,,,,,,,,,,,,
,,,,,,,,,,,,,,,,,,,,,,,,,,,,,,,
,,,,,,,,,,,,,,,,,,,,,,,,,,,,,,,
,,,,,,,,,,,,,,,,,,,,,,,,,,,,,,,
,,,,,,,,,,,,,,,,,,,,,,,,,,,,,,,
,,,,,,,,,,,,,,,,,,,,,,,,,,,,,,,
,,,,,,,,,,,,,,,,,,,,,,,,,,,,,,,
,,,,,,,,,,,,,,,,,,,,,,,,,,,,,,,
,,,,,,,,,,,,,,,,,,,,,,,,,,,,,,,
,,,,,,,,,,,,,,,,,,,,,,,,,,,,,,,
,,,,,,,,,,,,,,,,,,,,,,,,,,,,,,,
,,,,,,,,,,,,,,,,,,,,,,,,,,,,,,,
,,,,,,,,,,,,,,,,,,,,,,,,,,,,,,,
,,,,,,,,,,,,,,,,,,,,,,,,,,,,,,,
,,,,,,,,,,,,,,,,,,,,,,,,,,,,,,,
,,,,,,,,,,,,,,,,,,,,,,,,,,,,,,,
,,,,,,,,,,,,,,,,,,,,,,,,,,,,,,,
,,,,,,,,,,,,,,,,,,,,,,,,,,,,,,,
,,,,,,,,,,,,,,,,,,,,,,,,,,,,,,,
,,,,,,,,,,,,,,,,,,,,,,,,,,,,,,,
,,,,,,,,,,,,,,,,,,,,,,,,,,,,,,,
